<?xml version="1.0" encoding="UTF-8"?>
<codeBook xsi:schemaLocation="ddi:codebook:2_5 http://www.ddialliance.org/Specification/DDI-Codebook/2.5/XMLSchema/codebook.xsd" version="2.5" xmlns="ddi:codebook:2_5" xmlns:xsi="http://www.w3.org/2001/XMLSchema-instance">
	<docDscr>
		<citation>
			<titlStmt>
				<titl>DDI2.5 XML CODEBOOK</titl>
			</titlStmt>
		</citation>
	</docDscr>
	<stdyDscr>
		<citation>
			<titlStmt>
				<titl>CDRC English Indices of Deprivation 2015 Geodata Pack: Liverpool (E08000012)
				</titl>
				<altTitl/>
			</titlStmt>
			<rspStmt>
				<AuthEnty>Alex Singleton, University of Liverpool</AuthEnty>
				<AuthEnty>Michail Pavlis, University of Liverpool</AuthEnty>
				<othId/>
			</rspStmt>
			<prodStmt>
				<producer>ESRC Consumer Data Research Centre </producer>
				<copyright>The following attribution statements must be used to acknowledge copyright and source in use of these datasets:
               Contains National Statistics data © Crown copyright and database right 2015;
               Contains Ordnance Survey data © Crown copyright and database right 2015;
               Data provided by the ESRC Consumer Data Research Centre.</copyright>
				<fundAg>Economic and Social Research Council</fundAg>
				<grantNo>ES/L011840/1</grantNo>
			</prodStmt>
			<distStmt>
				<depositr>Alex Singleton, University of Liverpool</depositr>
				<depositr>Michail Pavlis, University of Liverpool</depositr>
				<distDate></distDate>
			</distStmt>
			<serStmt>
				<serName>CDRC Index of Multiple Deprivation Data Packs</serName>
			</serStmt>
			<verStmt>
				<version></version>
			</verStmt>
		</citation>
		<stdyInfo>
			<subject>
				<keyword>Health</keyword>
				<keyword>Housing</keyword>
				<keyword>Education</keyword>
				<keyword>Demographics</keyword>
				<keyword>Mobility</keyword>
				<keyword>2015</keyword>
				<keyword>IMD</keyword>
				<keyword>Liverpool</keyword>
				<keyword>E08000012</keyword>
				
				<topcClas>Health</topcClas>

				<topcClas>Housing</topcClas>

				<topcClas>Education</topcClas>

				<topcClas>Demographics</topcClas>

				<topcClas>Mobility</topcClas>
			</subject>
			<abstract>The English indices of deprivation data pack provides 2015 measures of relative deprivation in England for the Local Authority District: Liverpool (E08000012) at the LSOA scale. The English indices of deprivation ranks all LSOAs in England from 1 (most deprived) to 32,844 (least deprived). The following scores for the indices of relative deprivation are provided: Index of Multiple Deprivation, Income, Living Environment, Health, Housing, Education, Employment and Crime. Two supplementary score indices which are subsets of the Income Deprivation Domain are also provided: Income Deprivation Affecting Children Index (IDACI) and Income Deprivation Affecting Older People Index (IDAOPI).
			</abstract>
			<sumDscr>
				<timePrd>2011-2014</timePrd>
				<collDate></collDate>
				<nation>England</nation>
				
				<geogCover>Liverpool</geogCover>
				
				<geogUnit>LSOA</geogUnit>
				
				<anlyUnit>Area</anlyUnit>
				<universe/>
				<dataKind>Ranked</dataKind>
				<dataKind>Ratio</dataKind>
			</sumDscr>
		</stdyInfo>
		<method>
			<dataColl>
				<timeMeth/>
				<dataCollector>Office for National Statistics</dataCollector>
				<dataCollector>Ordnance Survey</dataCollector>
				<dataCollector>The Department for Work and Pensions</dataCollector>
				<sampProc/>
				<deviat/>
				<collMode/>
				<sources>
					<dataSrc>Local authority district (GB) 2011 Boundaries (Full, Clipped)</dataSrc>
					<dataSrc>Lower Layer Super Output Areas (E+W) 2011 Boundaries (Full, Clipped) V2</dataSrc>
				</sources>
				<weight/>
			</dataColl>
		</method>
		<dataAccs>
			<setAvail>
				<accsPlac>Consumer Data Research Centre</accsPlac>
				<accsPlac>UK Data Service</accsPlac>
			</setAvail>
			<useStmt>
				<restrctn/>
				<contact>data@cdrc.ac.uk</contact>
			</useStmt>
		</dataAccs>
		<othrStdyMat>
			<relStdy/>
			<relPubl></relPubl>
			<othRefs/>
		</othrStdyMat>
	</stdyDscr>
</codeBook>
